Republican_percent,Republican_votes,Democratic_percent,Democratic_votes,State,year,President
42.61,504070,55.73,659170,AL,1976,Jimmy Carter
57.9,71555,35.65,44058,AK,1976,Jimmy Carter
56.37,418642,39.8,295602,AZ,1976,Jimmy Carter
34.93,268753,64.94,499614,AR,1976,Jimmy Carter
49.35,3882244,47.57,3742284,CA,1976,Jimmy Carter
54.05,584367,42.58,460353,CO,1976,Jimmy Carter
52.06,719261,46.9,647895,CT,1976,Jimmy Carter
46.57,109831,51.98,122596,DE,1976,Jimmy Carter
16.51,27873,81.63,137818,D.C.,1976,Jimmy Carter
46.64,1469531,51.93,1636000,FL,1976,Jimmy Carter
32.96,483743,66.74,979409,GA,1976,Jimmy Carter
48.06,140003,50.59,147375,HI,1976,Jimmy Carter
59.88,204151,37.12,126549,ID,1976,Jimmy Carter
50.1,2364269,48.13,2271295,IL,1976,Jimmy Carter
53.32,1183958,45.7,1014714,IN,1976,Jimmy Carter
49.47,632863,48.46,619931,IA,1976,Jimmy Carter
52.49,502752,44.94,430421,KS,1976,Jimmy Carter
45.57,531852,52.75,615717,KY,1976,Jimmy Carter
45.95,587446,51.73,661365,LA,1976,Jimmy Carter
48.91,236320,48.07,232279,ME,1976,Jimmy Carter
46.96,672661,53.04,759612,MD,1976,Jimmy Carter
40.44,1030276,56.11,1429475,MA,1976,Jimmy Carter
51.83,1893742,46.44,1696714,MI,1976,Jimmy Carter
42.02,819395,54.9,1070440,MN,1976,Jimmy Carter
47.68,366846,49.56,381309,MS,1976,Jimmy Carter
47.47,927443,51.1,998387,MO,1976,Jimmy Carter
52.84,173703,45.4,149259,MT,1976,Jimmy Carter
59.19,359705,38.46,233692,NE,1976,Jimmy Carter
50.17,101273,45.81,92479,NV,1976,Jimmy Carter
54.75,185935,43.47,147635,NH,1976,Jimmy Carter
50.08,1509688,47.92,1444653,NJ,1976,Jimmy Carter
50.75,211419,48.28,201148,NM,1976,Jimmy Carter
47.52,3100791,51.95,3389558,NY,1976,Jimmy Carter
44.22,741960,55.27,927365,NC,1976,Jimmy Carter
51.66,153470,45.8,136078,ND,1976,Jimmy Carter
48.65,2000505,48.92,2011621,OH,1976,Jimmy Carter
49.96,545708,48.75,532442,OK,1976,Jimmy Carter
47.78,492120,47.62,490407,OR,1976,Jimmy Carter
47.73,2205604,50.4,2328677,PA,1976,Jimmy Carter
44.08,181249,55.36,227636,RI,1976,Jimmy Carter
43.13,346140,56.17,450825,SC,1976,Jimmy Carter
50.39,151505,48.91,147068,SD,1976,Jimmy Carter
42.94,633969,55.94,825879,TN,1976,Jimmy Carter
47.97,1953300,51.14,2082319,TX,1976,Jimmy Carter
62.44,337908,33.65,182110,UT,1976,Jimmy Carter
54.34,102085,43.14,81044,VT,1976,Jimmy Carter
49.29,836554,47.96,813896,VA,1976,Jimmy Carter
50,777732,46.11,717323,WA,1976,Jimmy Carter
41.93,314760,58.07,435914,WV,1976,Jimmy Carter
47.83,1004987,49.5,1040232,WI,1976,Jimmy Carter
59.3,92717,39.81,62239,WY,1976,Jimmy Carter
48.02,39148634,50.08,40831881,United States,1976,Jimmy Carter
48.75,654192,47.45,636730,AL,1980,Ronald Reagan
54.35,86112,26.41,41842,AK,1980,Ronald Reagan
60.61,529688,28.24,246843,AZ,1980,Ronald Reagan
48.13,403164,47.52,398041,AR,1980,Ronald Reagan
52.69,4524858,35.91,3083661,CA,1980,Ronald Reagan
55.07,652264,31.07,367973,CO,1980,Ronald Reagan
48.16,677210,38.52,541732,CT,1980,Ronald Reagan
47.21,111252,44.87,105754,DE,1980,Ronald Reagan
13.41,23313,74.89,130231,D.C.,1980,Ronald Reagan
55.52,2046951,38.5,1419475,FL,1980,Ronald Reagan
40.95,654168,55.76,890733,GA,1980,Ronald Reagan
42.9,130112,44.8,135879,HI,1980,Ronald Reagan
66.46,290699,25.19,110192,ID,1980,Ronald Reagan
49.65,2358049,41.72,1981413,IL,1980,Ronald Reagan
56.01,1255656,37.65,844197,IN,1980,Ronald Reagan
51.31,676026,38.6,508672,IA,1980,Ronald Reagan
57.85,566812,33.29,326150,KS,1980,Ronald Reagan
49.07,635274,47.61,616417,KY,1980,Ronald Reagan
51.2,792853,45.75,708453,LA,1980,Ronald Reagan
45.61,238522,42.25,220974,ME,1980,Ronald Reagan
44.18,680606,47.14,726161,MD,1980,Ronald Reagan
41.9,1057631,41.75,1053802,MA,1980,Ronald Reagan
48.99,1915225,42.5,1661532,MI,1980,Ronald Reagan
42.56,873241,46.5,954174,MN,1980,Ronald Reagan
49.42,441089,48.09,429281,MS,1980,Ronald Reagan
51.16,1074181,44.35,931182,MO,1980,Ronald Reagan
56.82,206814,32.43,118032,MT,1980,Ronald Reagan
65.53,419937,26.04,166851,NE,1980,Ronald Reagan
62.54,155017,26.89,66666,NV,1980,Ronald Reagan
57.74,221705,28.35,108864,NH,1980,Ronald Reagan
51.97,1546557,38.56,1147364,NJ,1980,Ronald Reagan
54.97,250779,36.78,167826,NM,1980,Ronald Reagan
46.66,2893831,43.99,2728372,NY,1980,Ronald Reagan
49.3,915018,47.18,875635,NC,1980,Ronald Reagan
64.23,193695,26.26,79189,ND,1980,Ronald Reagan
51.51,2206545,40.91,1752414,OH,1980,Ronald Reagan
60.5,695570,34.97,402026,OK,1980,Ronald Reagan
48.33,571044,38.67,456890,OR,1980,Ronald Reagan
49.59,2261872,42.48,1937540,PA,1980,Ronald Reagan
37.2,154793,47.67,198342,RI,1980,Ronald Reagan
49.57,441207,48.04,427560,SC,1980,Ronald Reagan
60.53,198343,31.69,103855,SD,1980,Ronald Reagan
48.7,787761,48.41,783051,TN,1980,Ronald Reagan
55.28,2510705,41.42,1881147,TX,1980,Ronald Reagan
72.77,439687,20.57,124266,UT,1980,Ronald Reagan
44.37,94598,38.41,81891,VT,1980,Ronald Reagan
53.03,989609,40.31,752174,VA,1980,Ronald Reagan
49.66,865244,37.32,650193,WA,1980,Ronald Reagan
45.3,334206,49.81,367462,WV,1980,Ronald Reagan
47.9,1088845,43.18,981584,WI,1980,Ronald Reagan
62.64,110700,27.97,49427,WY,1980,Ronald Reagan
50.75,43903230,41.01,35480115,United States,1980,Ronald Reagan
60.54,872849,38.28,551899,AL,1984,Ronald Reagan
66.65,138377,29.87,62007,AK,1984,Ronald Reagan
66.42,681416,32.54,333854,AZ,1984,Ronald Reagan
60.47,534774,38.29,338646,AR,1984,Ronald Reagan
57.51,5467009,41.27,3922519,CA,1984,Ronald Reagan
63.44,821818,35.12,454974,CO,1984,Ronald Reagan
60.73,890877,38.83,569597,CT,1984,Ronald Reagan
59.78,152190,39.93,101656,DE,1984,Ronald Reagan
13.73,29009,85.38,180408,D.C.,1984,Ronald Reagan
65.32,2730350,34.66,1448816,FL,1984,Ronald Reagan
60.17,1068722,39.79,706628,GA,1984,Ronald Reagan
55.1,185050,43.82,147154,HI,1984,Ronald Reagan
72.36,297523,26.39,108510,ID,1984,Ronald Reagan
56.17,2707103,43.3,2086499,IL,1984,Ronald Reagan
61.67,1377230,37.68,841481,IN,1984,Ronald Reagan
53.27,703088,45.89,605620,IA,1984,Ronald Reagan
66.27,677296,32.6,333149,KS,1984,Ronald Reagan
60.04,822782,39.37,539589,KY,1984,Ronald Reagan
60.77,1037299,38.18,651586,LA,1984,Ronald Reagan
60.83,336500,38.78,214515,ME,1984,Ronald Reagan
52.51,879918,47.02,787935,MD,1984,Ronald Reagan
51.22,1310936,48.43,1239606,MA,1984,Ronald Reagan
59.23,2251571,40.24,1529638,MI,1984,Ronald Reagan
49.54,1032603,49.72,1036364,MN,1984,Ronald Reagan
61.85,581477,37.46,352192,MS,1984,Ronald Reagan
60.02,1274188,39.98,848583,MO,1984,Ronald Reagan
60.47,232450,38.18,146742,MT,1984,Ronald Reagan
70.55,460054,28.81,187866,NE,1984,Ronald Reagan
65.85,188770,31.97,91655,NV,1984,Ronald Reagan
68.66,267051,30.95,120395,NH,1984,Ronald Reagan
60.09,1933630,39.2,1261323,NJ,1984,Ronald Reagan
59.7,307101,39.23,201769,NM,1984,Ronald Reagan
53.84,3664763,45.83,3119609,NY,1984,Ronald Reagan
61.9,1346481,37.89,824287,NC,1984,Ronald Reagan
64.84,200336,33.8,104429,ND,1984,Ronald Reagan
58.9,2678560,40.14,1825440,OH,1984,Ronald Reagan
68.61,861530,30.67,385080,OK,1984,Ronald Reagan
55.91,685700,43.74,536479,OR,1984,Ronald Reagan
53.34,2584323,45.99,2228131,PA,1984,Ronald Reagan
51.66,212080,48.02,197106,RI,1984,Ronald Reagan
63.55,615539,35.57,344470,SC,1984,Ronald Reagan
63,200267,36.53,116113,SD,1984,Ronald Reagan
57.84,990212,41.57,711714,TN,1984,Ronald Reagan
63.61,3433428,36.11,1949276,TX,1984,Ronald Reagan
74.5,469105,24.68,155369,UT,1984,Ronald Reagan
57.92,135865,40.81,95730,VT,1984,Ronald Reagan
62.29,1337078,37.09,796250,VA,1984,Ronald Reagan
55.82,1051670,42.86,807352,WA,1984,Ronald Reagan
55.11,405483,44.6,328125,WV,1984,Ronald Reagan
54.19,1198800,45.02,995847,WI,1984,Ronald Reagan
70.51,133241,28.24,53370,WY,1984,Ronald Reagan
58.77,54455472,40.56,525,United States,1984,Ronald Reagan
59.17,815576,39.86,549506,AL,1988,George H.W. Bush
59.59,119251,36.27,72584,AK,1988,George H.W. Bush
59.95,702541,38.74,454029,AZ,1988,George H.W. Bush
56.37,466578,42.19,349237,AR,1988,George H.W. Bush
51.13,5054917,47.56,4702233,CA,1988,George H.W. Bush
53.06,728177,45.28,621453,CO,1988,George H.W. Bush
51.98,750241,46.87,676584,CT,1988,George H.W. Bush
14.3,139639,82.65,108647,D.C.,1988,George H.W. Bush
55.88,27590,43.48,159407,DE,1988,George H.W. Bush
60.87,2618885,38.51,1656701,FL,1988,George H.W. Bush
59.75,1081331,39.5,714792,GA,1988,George H.W. Bush
44.75,158625,54.27,192364,HI,1988,George H.W. Bush
62.08,253881,36.01,147272,ID,1988,George H.W. Bush
50.69,2310939,48.6,2215940,IL,1988,George H.W. Bush
59.84,1297763,39.69,860643,IN,1988,George H.W. Bush
44.5,545355,54.71,670557,IA,1988,George H.W. Bush
55.79,554049,42.56,422636,KS,1988,George H.W. Bush
55.52,734281,43.88,580368,KY,1988,George H.W. Bush
54.27,883702,44.06,734281,LA,1988,George H.W. Bush
55.34,307131,43.88,243569,ME,1988,George H.W. Bush
51.11,876167,48.2,826304,MD,1988,George H.W. Bush
45.38,1194644,53.23,1401406,MA,1988,George H.W. Bush
53.57,1965486,45.67,1675783,MI,1988,George H.W. Bush
45.9,962337,52.91,1109471,MN,1988,George H.W. Bush
59.89,557890,39.07,363921,MS,1988,George H.W. Bush
51.83,1084953,47.85,1001619,MO,1988,George H.W. Bush
52.07,190412,46.2,168936,MT,1988,George H.W. Bush
60.15,398447,39.2,259646,NE,1988,George H.W. Bush
58.86,206040,37.92,132738,NV,1988,George H.W. Bush
62.49,281537,36.33,163696,NH,1988,George H.W. Bush
56.24,1743192,42.6,1320352,NJ,1988,George H.W. Bush
51.86,270341,46.9,244497,NM,1988,George H.W. Bush
47.52,3081871,51.62,3347882,NY,1988,George H.W. Bush
57.97,1237258,41.71,890167,NC,1988,George H.W. Bush
56.03,166559,42.97,127739,ND,1988,George H.W. Bush
55,2416549,44.15,1939629,OH,1988,George H.W. Bush
57.93,678367,41.28,483423,OK,1988,George H.W. Bush
46.61,560126,51.28,616206,OR,1988,George H.W. Bush
50.7,2300087,48.39,2194944,PA,1988,George H.W. Bush
43.93,177761,55.64,225123,RI,1988,George H.W. Bush
61.5,606443,37.58,370554,SC,1988,George H.W. Bush
52.85,165415,46.51,145560,SD,1988,George H.W. Bush
57.89,947233,41.55,679794,TN,1988,George H.W. Bush
55.95,3036829,43.35,2352748,TX,1988,George H.W. Bush
66.22,428442,32.05,207343,UT,1988,George H.W. Bush
51.1,124331,47.58,115775,VT,1988,George H.W. Bush
59.74,1309162,39.23,859799,VA,1988,George H.W. Bush
48.46,903835,50.05,933516,WA,1988,George H.W. Bush
47.46,310065,52.2,341016,WV,1988,George H.W. Bush
47.8,1047499,51.41,1126794,WI,1988,George H.W. Bush
60.53,106867,38.01,67113,WY,1988,George H.W. Bush
53.37,48886597,45.65,41809476,United States,1988,George H.W. Bush
47.65,804283,40.88,690080,AL,1992,Bill Clinton
39.46,102000,30.29,78294,AK,1992,Bill Clinton
38.47,572086,36.52,543050,AZ,1992,Bill Clinton
35.48,337324,53.21,505823,AR,1992,Bill Clinton
32.61,3630574,46.01,5121325,CA,1992,Bill Clinton
35.87,562850,40.13,629681,CO,1992,Bill Clinton
35.78,578313,42.21,682318,CT,1992,Bill Clinton
35.78,102313,43.52,126054,DE,1992,Bill Clinton
9.1,20698,84.64,192619,D.C.,1992,Bill Clinton
40.89,2173310,39,2072698,FL,1992,Bill Clinton
42.88,995252,43.47,1008966,GA,1992,Bill Clinton
36.7,136822,48.09,179310,HI,1992,Bill Clinton
42.03,202645,28.42,137013,ID,1992,Bill Clinton
34.34,1734096,48.58,2453350,IL,1992,Bill Clinton
42.91,989375,36.79,848420,IN,1992,Bill Clinton
37.27,504891,43.29,586353,IA,1992,Bill Clinton
38.88,449951,33.74,390434,KS,1992,Bill Clinton
41.34,617178,44.55,665104,KY,1992,Bill Clinton
40.97,733386,45.58,815971,LA,1992,Bill Clinton
30.39,206504,38.77,263420,ME,1992,Bill Clinton
35.62,707094,49.8,988571,MD,1992,Bill Clinton
29.03,805049,47.54,1318662,MA,1992,Bill Clinton
36.38,1554940,43.77,1871182,MI,1992,Bill Clinton
31.85,747841,43.48,1020997,MN,1992,Bill Clinton
49.68,487793,40.77,400258,MS,1992,Bill Clinton
33.92,811159,44.07,1053873,MO,1992,Bill Clinton
35.12,144207,37.63,154507,MT,1992,Bill Clinton
46.58,344346,29.4,217344,NE,1992,Bill Clinton
34.73,175828,37.36,189148,NV,1992,Bill Clinton
37.69,202484,38.91,209040,NH,1992,Bill Clinton
40.58,1356865,42.95,1436206,NJ,1992,Bill Clinton
37.34,212824,45.9,261617,NM,1992,Bill Clinton
33.88,2346649,49.73,3444450,NY,1992,Bill Clinton
43.44,1134661,42.65,1114042,NC,1992,Bill Clinton
44.22,136244,32.18,99168,ND,1992,Bill Clinton
38.35,1894310,40.18,1984942,OH,1992,Bill Clinton
42.65,592929,34.02,473066,OK,1992,Bill Clinton
32.53,475757,42.48,621314,OR,1992,Bill Clinton
36.13,1791841,45.15,2239164,PA,1992,Bill Clinton
29.02,131601,47.04,213299,RI,1992,Bill Clinton
48.02,577507,39.88,479514,SC,1992,Bill Clinton
40.66,136718,37.14,124888,SD,1992,Bill Clinton
42.43,841300,47.08,933521,TN,1992,Bill Clinton
40.56,2496071,37.08,2281815,TX,1992,Bill Clinton
43.36,322632,24.65,183429,UT,1992,Bill Clinton
30.42,88122,46.11,133592,VT,1992,Bill Clinton
44.97,1150517,40.59,1038650,VA,1992,Bill Clinton
31.97,731234,43.41,993037,WA,1992,Bill Clinton
35.39,241974,48.41,331001,WV,1992,Bill Clinton
36.78,930855,41.13,1041066,WI,1992,Bill Clinton
39.7,79347,34.1,68160,WY,1992,Bill Clinton
37.45,39104550,43.01,44909806,United States,1992,Bill Clinton
50.12,769044,43.16,662165,AL,1996,Bill Clinton
50.8,122746,33.27,80380,AK,1996,Bill Clinton
44.29,622073,46.52,653288,AZ,1996,Bill Clinton
36.8,325416,53.74,475171,AR,1996,Bill Clinton
38.21,3828380,51.1,5119835,CA,1996,Bill Clinton
45.8,691848,44.43,671152,CO,1996,Bill Clinton
34.69,483109,52.83,735740,CT,1996,Bill Clinton
36.58,99062,51.8,140355,DE,1996,Bill Clinton
9.34,17339,85.19,158220,D.C.,1996,Bill Clinton
42.32,2244536,48.02,2546870,FL,1996,Bill Clinton
47.01,1080843,45.84,1053849,GA,1996,Bill Clinton
31.64,113943,56.93,205012,HI,1996,Bill Clinton
52.18,256595,33.65,165443,ID,1996,Bill Clinton
36.81,1587021,54.32,2341744,IL,1996,Bill Clinton
47.13,1006693,41.55,887424,IN,1996,Bill Clinton
39.92,492644,50.26,620258,IA,1996,Bill Clinton
54.29,583245,36.08,387659,KS,1996,Bill Clinton
44.88,623283,45.84,636614,KY,1996,Bill Clinton
39.94,712586,52.01,927837,LA,1996,Bill Clinton
30.76,186378,51.62,312788,ME,1996,Bill Clinton
38.27,681530,54.25,966207,MD,1996,Bill Clinton
28.09,718107,61.47,1571763,MA,1996,Bill Clinton
38.48,1481212,51.69,1989653,MI,1996,Bill Clinton
34.96,766476,51.1,1120438,MN,1996,Bill Clinton
49.21,439838,44.08,394022,MS,1996,Bill Clinton
41.24,890016,47.54,1025935,MO,1996,Bill Clinton
44.11,179652,41.23,167922,MT,1996,Bill Clinton
53.65,363467,34.95,236761,NE,1996,Bill Clinton
42.91,199244,43.93,203974,NV,1996,Bill Clinton
39.37,196532,49.32,246214,NH,1996,Bill Clinton
35.86,1103078,53.72,1652329,NJ,1996,Bill Clinton
41.86,232751,49.18,273495,NM,1996,Bill Clinton
30.61,1933492,59.47,3756177,NY,1996,Bill Clinton
48.73,1225938,44.04,1107849,NC,1996,Bill Clinton
46.94,125050,40.13,106905,ND,1996,Bill Clinton
41.02,1859883,47.38,2148222,OH,1996,Bill Clinton
48.26,582315,40.45,488105,OK,1996,Bill Clinton
39.06,538152,47.15,649641,OR,1996,Bill Clinton
39.97,1801169,49.17,2215819,PA,1996,Bill Clinton
26.82,104683,59.71,233050,RI,1996,Bill Clinton
49.89,573458,43.85,504051,SC,1996,Bill Clinton
46.49,150543,43.03,139333,SD,1996,Bill Clinton
45.59,863530,48,909146,TN,1996,Bill Clinton
48.76,2736167,43.83,2459683,TX,1996,Bill Clinton
54.37,361911,33.3,221633,UT,1996,Bill Clinton
31.09,80352,53.35,137894,VT,1996,Bill Clinton
47.1,1138350,45.15,1091060,VA,1996,Bill Clinton
37.3,840712,49.84,1123323,WA,1996,Bill Clinton
36.76,233946,51.51,327812,WV,1996,Bill Clinton
38.48,845029,48.81,1071971,WI,1996,Bill Clinton
49.81,105388,36.84,77934,WY,1996,Bill Clinton
40.71,39198755,49.24,47400125,United States,1996,Bill Clinton
56.48,941173,41.57,692611,AL,2000,George W. Bush
58.62,167398,27.67,79004,AK,2000,George W. Bush
51.02,781652,44.73,685341,AZ,2000,George W. Bush
51.31,472940,45.86,422768,AR,2000,George W. Bush
41.65,4567429,53.45,5861203,CA,2000,George W. Bush
50.75,883748,42.39,738227,CO,2000,George W. Bush
38.44,561094,55.91,816015,CT,2000,George W. Bush
41.9,137288,54.96,180068,DE,2000,George W. Bush
8.95,18073,85.16,171923,D.C.,2000,George W. Bush
48.85,2912790,48.84,2912253,FL,2000,George W. Bush
54.67,1419720,42.98,1116230,GA,2000,George W. Bush
37.46,137845,55.79,205286,HI,2000,George W. Bush
67.17,336937,27.64,138637,ID,2000,George W. Bush
42.58,2019421,54.6,2589026,IL,2000,George W. Bush
56.65,1245836,41.01,901980,IN,2000,George W. Bush
48.22,634373,48.54,638517,IA,2000,George W. Bush
58.04,622332,37.24,399276,KS,2000,George W. Bush
56.5,872492,41.37,638898,KY,2000,George W. Bush
52.55,927871,44.88,792344,LA,2000,George W. Bush
43.97,286616,49.09,319951,ME,2000,George W. Bush
40.18,813797,56.57,1145782,MD,2000,George W. Bush
32.5,878502,59.8,1616487,MA,2000,George W. Bush
46.15,1953139,51.28,2170418,MI,2000,George W. Bush
45.5,1109659,47.91,1168266,MN,2000,George W. Bush
57.62,572844,40.7,404614,MS,2000,George W. Bush
50.42,1189924,47.08,1111138,MO,2000,George W. Bush
58.44,240178,33.36,137126,MT,2000,George W. Bush
62.25,433862,33.25,231780,NE,2000,George W. Bush
49.52,301575,45.98,279978,NV,2000,George W. Bush
48.07,273559,46.8,266348,NH,2000,George W. Bush
40.29,1284173,56.13,1788850,NJ,2000,George W. Bush
47.85,286417,47.91,286783,NM,2000,George W. Bush
35.23,2403374,60.21,4107697,NY,2000,George W. Bush
56.03,1631163,43.2,1257692,NC,2000,George W. Bush
60.66,174852,33.06,95284,ND,2000,George W. Bush
49.97,2351209,46.46,2186190,OH,2000,George W. Bush
60.31,744337,38.43,474276,OK,2000,George W. Bush
46.52,713577,46.96,720342,OR,2000,George W. Bush
46.43,2281127,50.6,2485967,PA,2000,George W. Bush
31.91,130555,60.99,249508,RI,2000,George W. Bush
56.84,785937,40.9,565561,SC,2000,George W. Bush
60.3,190700,37.56,118804,SD,2000,George W. Bush
51.15,1061949,47.28,981720,TN,2000,George W. Bush
59.3,3799639,37.98,2433746,TX,2000,George W. Bush
66.83,515096,26.34,203053,UT,2000,George W. Bush
40.7,119775,50.63,149022,VT,2000,George W. Bush
52.47,1437490,44.44,1217290,VA,2000,George W. Bush
44.58,1108864,50.16,1247652,WA,2000,George W. Bush
51.92,336475,45.59,295497,WV,2000,George W. Bush
47.61,1237279,47.83,1242987,WI,2000,George W. Bush
67.76,147947,27.7,60481,WY,2000,George W. Bush
47.87,50456002,48.38,50999897,United States,2000,George W. Bush
62.46,1176394,36.84,693933,AL,2004,George W. Bush
61.07,190889,35.52,111025,AK,2004,George W. Bush
54.87,1104294,44.4,893524,AZ,2004,George W. Bush
54.31,572898,44.55,469953,AR,2004,George W. Bush
44.36,5509826,54.31,6745485,CA,2004,George W. Bush
51.69,1101255,47.02,1001732,CO,2004,George W. Bush
43.95,693826,54.31,857488,CT,2004,George W. Bush
45.75,171660,53.35,200152,DE,2004,George W. Bush
9.34,21256,89.18,202970,D.C.,2004,George W. Bush
52.1,3964522,47.09,3583544,FL,2004,George W. Bush
57.97,1914254,41.37,1366149,GA,2004,George W. Bush
45.26,194191,54.01,231708,HI,2004,George W. Bush
68.38,409235,30.26,181098,ID,2004,George W. Bush
44.48,2345946,54.82,2891550,IL,2004,George W. Bush
59.94,1479438,39.26,969011,IN,2004,George W. Bush
49.9,751957,49.23,741898,IA,2004,George W. Bush
62,736456,36.62,434993,KS,2004,George W. Bush
59.55,1069439,39.69,712733,KY,2004,George W. Bush
56.72,1102169,42.22,820299,LA,2004,George W. Bush
44.58,330201,53.57,396842,ME,2004,George W. Bush
42.93,1024703,55.91,1334493,MD,2004,George W. Bush
36.78,1071109,61.94,1803800,MA,2004,George W. Bush
47.81,2313746,51.23,2479183,MI,2004,George W. Bush
47.61,1346695,51.09,1445014,MN,2004,George W. Bush
59.45,684981,39.76,458094,MS,2004,George W. Bush
53.3,1455713,46.1,1259171,MO,2004,George W. Bush
59.07,266063,38.56,173710,MT,2004,George W. Bush
65.9,512814,32.68,254328,NE,2004,George W. Bush
50.47,418690,47.88,397190,NV,2004,George W. Bush
48.87,331237,50.24,340511,NH,2004,George W. Bush
46.24,1670003,52.92,1911430,NJ,2004,George W. Bush
49.84,376930,49.05,370942,NM,2004,George W. Bush
40.08,2962567,58.37,4314280,NY,2004,George W. Bush
56.02,1961166,43.58,1525849,NC,2004,George W. Bush
62.86,196651,35.5,111052,ND,2004,George W. Bush
50.81,2859768,48.71,2741167,OH,2004,George W. Bush
65.57,959792,34.43,503966,OK,2004,George W. Bush
47.19,866831,51.35,943163,OR,2004,George W. Bush
48.42,2793847,50.92,2938095,PA,2004,George W. Bush
38.67,169046,59.42,259765,RI,2004,George W. Bush
57.98,937974,40.9,661699,SC,2004,George W. Bush
59.91,232584,38.44,149244,SD,2004,George W. Bush
56.8,1384375,42.53,1036477,TN,2004,George W. Bush
61.09,4526917,38.22,2832704,TX,2004,George W. Bush
71.54,663742,26,241199,UT,2004,George W. Bush
38.8,121180,58.94,184067,VT,2004,George W. Bush
53.68,1716959,45.48,1454742,VA,2004,George W. Bush
45.64,1304894,52.82,1510201,WA,2004,George W. Bush
56.06,423778,43.2,326541,WV,2004,George W. Bush
49.32,1478120,49.7,1489504,WI,2004,George W. Bush
68.86,167629,29.07,70776,WY,2004,George W. Bush
50.73,62040610,48.27,59028444,United States,2004,George W. Bush
60.32,1266546,38.74,813479,AL,2008,Barack Obama
59.42,193841,37.89,123594,AK,2008,Barack Obama
53.64,1230111,45.12,1034707,AZ,2008,Barack Obama
58.72,638017,38.86,422310,AR,2008,Barack Obama
36.95,5011781,61.01,8274473,CA,2008,Barack Obama
44.71,1073629,53.66,1288633,CO,2008,Barack Obama
38.22,629428,60.59,997772,CT,2008,Barack Obama
36.95,152374,61.94,255459,DE,2008,Barack Obama
6.53,17367,92.46,245800,D.C.,2008,Barack Obama
48.22,4045624,51.03,4282074,FL,2008,Barack Obama
52.2,2048759,46.99,1844123,GA,2008,Barack Obama
26.58,120566,71.85,325871,HI,2008,Barack Obama
61.52,403012,36.09,236440,ID,2008,Barack Obama
36.78,2031179,61.92,3419348,IL,2008,Barack Obama
48.91,1345648,49.95,1374039,IN,2008,Barack Obama
44.39,682379,53.93,828940,IA,2008,Barack Obama
56.61,699655,41.65,514765,KS,2008,Barack Obama
57.4,1048462,41.17,751985,KY,2008,Barack Obama
58.56,1148275,39.93,782989,LA,2008,Barack Obama
40.38,295273,57.71,421923,ME,2008,Barack Obama
36.47,959862,61.92,1629467,MD,2008,Barack Obama
35.99,1108854,61.8,1904097,MA,2008,Barack Obama
40.96,2048639,57.43,2872579,MI,2008,Barack Obama
43.82,1275409,54.06,1573354,MN,2008,Barack Obama
56.18,724597,43,554662,MS,2008,Barack Obama
49.43,1445814,49.29,1441911,MO,2008,Barack Obama
49.51,242763,47.25,231667,MT,2008,Barack Obama
56.53,452979,41.6,333319,NE,2008,Barack Obama
42.65,412827,55.15,533736,NV,2008,Barack Obama
44.52,316534,54.13,384826,NH,2008,Barack Obama
41.7,1613207,57.27,2215422,NJ,2008,Barack Obama
41.78,346832,56.91,472422,NM,2008,Barack Obama
36.03,2752771,62.88,4804945,NY,2008,Barack Obama
49.38,2128474,49.7,2142651,NC,2008,Barack Obama
53.25,168601,44.62,141278,ND,2008,Barack Obama
46.91,2677820,51.5,2940044,OH,2008,Barack Obama
65.65,960165,34.35,502496,OK,2008,Barack Obama
40.4,738475,56.75,1037291,OR,2008,Barack Obama
44.17,2655885,54.49,3276363,PA,2008,Barack Obama
35.06,165391,62.86,296571,RI,2008,Barack Obama
53.87,1034896,44.9,862449,SC,2008,Barack Obama
53.16,203054,44.75,170924,SD,2008,Barack Obama
56.9,1479178,41.83,1087437,TN,2008,Barack Obama
55.45,4479328,43.68,3528633,TX,2008,Barack Obama
62.58,596030,34.41,327670,UT,2008,Barack Obama
30.45,98974,67.46,219262,VT,2008,Barack Obama
46.33,1725005,52.63,1959532,VA,2008,Barack Obama
40.48,1229216,57.65,1750848,WA,2008,Barack Obama
55.71,397466,42.59,303857,WV,2008,Barack Obama
42.31,1262393,56.22,1677211,WI,2008,Barack Obama
64.78,164958,32.54,82868,WY,2008,Barack Obama
45.65,59948323,52.93,69498516,United States,2008,Barack Obama
60.55,1255925,38.36,795696,AL,2012,Barack Obama
54.8,164676,40.81,122640,AK,2012,Barack Obama
53.65,1233654,44.59,1025232,AZ,2012,Barack Obama
60.57,647744,36.88,394409,AR,2012,Barack Obama
37.12,4839958,60.24,7854285,CA,2012,Barack Obama
46.13,1185243,51.49,1323102,CO,2012,Barack Obama
40.73,634892,58.06,905083,CT,2012,Barack Obama
39.98,165484,58.61,242584,DE,2012,Barack Obama
7.28,21381,90.91,267070,D.C.,2012,Barack Obama
49.13,4163447,50.01,4237756,FL,2012,Barack Obama
53.3,2078688,45.48,1773827,GA,2012,Barack Obama
27.84,121015,70.55,306658,HI,2012,Barack Obama
64.53,420911,32.62,212787,ID,2012,Barack Obama
40.73,2135216,57.6,3019512,IL,2012,Barack Obama
54.13,1420543,43.93,1152887,IN,2012,Barack Obama
46.18,730617,51.99,822544,IA,2012,Barack Obama
59.71,692634,37.99,440726,KS,2012,Barack Obama
60.49,1087190,37.8,679370,KY,2012,Barack Obama
57.78,1152262,40.58,809141,LA,2012,Barack Obama
40.98,292276,56.27,401306,ME,2012,Barack Obama
35.9,971869,61.97,1677844,MD,2012,Barack Obama
37.51,1188314,60.65,1921290,MA,2012,Barack Obama
44.71,2115256,54.21,2564569,MI,2012,Barack Obama
44.96,1320225,52.65,1546167,MN,2012,Barack Obama
55.29,710746,43.79,562949,MS,2012,Barack Obama
53.76,1482440,44.38,1223796,MO,2012,Barack Obama
55.35,267928,41.7,201839,MT,2012,Barack Obama
59.8,475064,38.03,302081,NE,2012,Barack Obama
45.68,463567,52.36,531373,NV,2012,Barack Obama
46.4,329918,51.98,369561,NH,2012,Barack Obama
40.59,1477568,58.38,2125101,NJ,2012,Barack Obama
42.84,335788,52.99,415335,NM,2012,Barack Obama
35.17,2490431,63.35,4485741,NY,2012,Barack Obama
50.39,2270395,48.35,2178391,NC,2012,Barack Obama
58.32,188163,38.69,124827,ND,2012,Barack Obama
47.69,2661437,50.67,2827709,OH,2012,Barack Obama
66.77,891325,33.23,443547,OK,2012,Barack Obama
42.15,754175,54.24,970488,OR,2012,Barack Obama
46.59,2680434,51.97,2990274,PA,2012,Barack Obama
35.24,157204,62.7,279677,RI,2012,Barack Obama
54.56,1071645,44.09,865941,SC,2012,Barack Obama
57.89,210610,39.87,145039,SD,2012,Barack Obama
59.48,1462330,39.08,960709,TN,2012,Barack Obama
57.17,4569843,41.38,3308124,TX,2012,Barack Obama
72.79,740600,24.75,251813,UT,2012,Barack Obama
30.97,92698,66.57,199239,VT,2012,Barack Obama
47.28,1822522,51.16,1971820,VA,2012,Barack Obama
41.29,1290670,56.16,1755396,WA,2012,Barack Obama
62.3,417655,35.54,238269,WV,2012,Barack Obama
45.89,1407966,52.83,1620985,WI,2012,Barack Obama
68.64,170962,27.82,69286,WY,2012,Barack Obama
47.2,60933504,51.06,65915795,United States,2012,Barack Obama
62.08,1318255,34.36,729547,AL,2016,Donald Trump
51.28,163387,36.55,116454,AK,2016,Donald Trump
48.67,1252401,45.13,1161167,AZ,2016,Donald Trump
60.57,684872,33.65,380494,AR,2016,Donald Trump
31.62,4483810,61.73,8753788,CA,2016,Donald Trump
43.25,1202484,48.16,1338870,CO,2016,Donald Trump
40.93,673215,54.57,897572,CT,2016,Donald Trump
41.79,185127,53.18,235603,DE,2016,Donald Trump
4.07,12723,90.48,282830,D.C.,2016,Donald Trump
49.02,4617886,47.82,4504975,FL,2016,Donald Trump
50.77,2089104,45.64,1877963,GA,2016,Donald Trump
30.03,128847,62.22,266891,HI,2016,Donald Trump
59.26,409055,27.49,189765,ID,2016,Donald Trump
38.76,2146015,55.83,3090729,IL,2016,Donald Trump
56.82,1557286,37.91,1033126,IN,2016,Donald Trump
51.15,800983,41.74,653669,IA,2016,Donald Trump
56.65,671018,36.05,427005,KS,2016,Donald Trump
62.52,1202971,32.68,628854,KY,2016,Donald Trump
58.09,1178638,38.45,780154,LA,2016,Donald Trump
44.87,335593,47.83,357735,ME,2016,Donald Trump
33.91,943169,60.33,1677928,MD,2016,Donald Trump
32.81,1090893,60.01,1995196,MA,2016,Donald Trump
47.5,2279543,47.27,2268839,MI,2016,Donald Trump
44.92,1322951,46.44,1367716,MN,2016,Donald Trump
57.94,700714,40.11,485131,MS,2016,Donald Trump
56.77,1594511,38.14,1071068,MO,2016,Donald Trump
56.17,279240,35.75,177709,MT,2016,Donald Trump
58.75,495961,33.7,284494,NE,2016,Donald Trump
45.5,512058,47.92,539260,NV,2016,Donald Trump
46.61,345790,46.98,348526,NH,2016,Donald Trump
41,1601933,54.99,2148278,NJ,2016,Donald Trump
40.04,319667,48.26,385234,NM,2016,Donald Trump
36.15,2814589,58.4,4547562,NY,2016,Donald Trump
49.83,2362631,46.17,2189316,NC,2016,Donald Trump
62.96,216794,27.23,93758,ND,2016,Donald Trump
51.69,2841005,43.56,2394164,OH,2016,Donald Trump
65.32,949136,28.93,420375,OK,2016,Donald Trump
39.09,782403,50.07,1002106,OR,2016,Donald Trump
48.58,2970733,47.85,2926441,PA,2016,Donald Trump
38.9,180543,54.41,252525,RI,2016,Donald Trump
54.94,1155389,40.67,855373,SC,2016,Donald Trump
61.53,227721,31.74,117458,SD,2016,Donald Trump
60.72,1522925,34.72,870695,TN,2016,Donald Trump
52.23,4685047,43.24,3877868,TX,2016,Donald Trump
45.54,515231,27.46,310676,UT,2016,Donald Trump
29.76,95369,55.72,178573,VT,2016,Donald Trump
44.43,1769443,49.75,1981473,VA,2016,Donald Trump
38.07,1221747,54.3,1742718,WA,2016,Donald Trump
68.63,489371,26.48,188794,WV,2016,Donald Trump
47.22,1405284,46.45,1382536,WI,2016,Donald Trump
67.4,174419,21.63,55973,WY,2016,Donald Trump
45.94,62985106,48.03,65853625,United States,2016,Donald Trump